name,price
" 
    Lexus ES 350 2009 Silver
  "," 
    Lexus ES 350 2009 Silver
  "
" 
    Toyota Tundra Automatic 2003 Silver
  "," 
    Toyota Tundra Automatic 2003 Silver
  "
" 
    Mercedes-Benz M Class 2015 Gray
  "," 
    Mercedes-Benz M Class 2015 Gray
  "
" 
    Toyota Camry 2010 Blue
  "," 
    Toyota Camry 2010 Blue
  "
" 
    Toyota Land Cruiser 2005 Red
  "," 
    Toyota Land Cruiser 2005 Red
  "
" 
    Toyota RAV4 Automatic 2004 Blue
  "," 
    Toyota RAV4 Automatic 2004 Blue
  "
" 
    Toyota Land Cruiser Prado 2.8 D-4D 2014 Black
  "," 
    Toyota Land Cruiser Prado 2.8 D-4D 2014 Black
  "
" 
    Lexus LS 460 2008 Black
  "," 
    Lexus LS 460 2008 Black
  "
" 
    Toyota Highlander V6 FWD 2004 Black
  "," 
    Toyota Highlander V6 FWD 2004 Black
  "
" 
    Lexus ES 350 2012 Black
  "," 
    Lexus ES 350 2012 Black
  "
" 
    Toyota Camry 1996 Blue
  "," 
    Toyota Camry 1996 Blue
  "
" 
    Kia Rio S 2021 Gray
  "," 
    Kia Rio S 2021 Gray
  "
" 
    Acura MDX 2011 Black
  "," 
    Acura MDX 2011 Black
  "
" 
    Mercedes-Benz GLK-Class 350 4MATIC 2013 Black
  "," 
    Mercedes-Benz GLK-Class 350 4MATIC 2013 Black
  "
" 
    Land Rover Range Rover Velar P250 SE R-Dynamic 4x4 2019 Black
  "," 
    Land Rover Range Rover Velar P250 SE R-Dynamic 4x4 2019 Black
  "
" 
    Mercedes-Benz GLE-Class GLE 350d 4MATIC 2018 Black
  "," 
    Mercedes-Benz GLE-Class GLE 350d 4MATIC 2018 Black
  "
" 
    Mercedes-Benz M Class 2007 Black
  "," 
    Mercedes-Benz M Class 2007 Black
  "
" 
    Lexus LX 570 AWD 2018 Black
  "," 
    Lexus LX 570 AWD 2018 Black
  "
" 
    Honda Accord 2.4 Executive 2006 Blue
  "," 
    Honda Accord 2.4 Executive 2006 Blue
  "
" 
    Mercedes-Benz GLK-Class 350 4MATIC 2011 Black
  "," 
    Mercedes-Benz GLK-Class 350 4MATIC 2011 Black
  "
